URN,SEN,ICB Shortname
102256,,HWE ICB
108886,SEN,C&P ICB
109413,,BLMK ICB
109415,,BLMK ICB
109417,,BLMK ICB
109418,,BLMK ICB
109419,,BLMK ICB
109420,,BLMK ICB
109421,,BLMK ICB
109422,,BLMK ICB
109423,,BLMK ICB
109428,,BLMK ICB
109429,,BLMK ICB
109432,,BLMK ICB
109433,,BLMK ICB
109436,,BLMK ICB
109440,,BLMK ICB
109442,,BLMK ICB
109443,,BLMK ICB
109446,,BLMK ICB
109451,,BLMK ICB
109452,,BLMK ICB
109456,,BLMK ICB
109457,,BLMK ICB
109458,,BLMK ICB
109459,,BLMK ICB
109460,,BLMK ICB
109462,,BLMK ICB
109463,,BLMK ICB
109464,,BLMK ICB
109466,,BLMK ICB
109468,,BLMK ICB
109469,,BLMK ICB
109471,,BLMK ICB
109472,,BLMK ICB
109473,,BLMK ICB
109475,,BLMK ICB
109476,,BLMK ICB
109479,,BLMK ICB
109480,,BLMK ICB
109481,,BLMK ICB
109482,,BLMK ICB
109483,,BLMK ICB
109484,,BLMK ICB
109486,,BLMK ICB
109487,,BLMK ICB
109489,,BLMK ICB
109492,,BLMK ICB
109493,,BLMK ICB
109495,,BLMK ICB
109502,,BLMK ICB
109503,,BLMK ICB
109504,,BLMK ICB
109506,,BLMK ICB
109507,,BLMK ICB
109508,,BLMK ICB
109509,,BLMK ICB
109512,,BLMK ICB
109513,,BLMK ICB
109515,,BLMK ICB
109521,,BLMK ICB
109522,,BLMK ICB
109523,,BLMK ICB
109527,,BLMK ICB
109534,,BLMK ICB
109546,,BLMK ICB
109548,,BLMK ICB
109552,,BLMK ICB
109553,,BLMK ICB
109556,,BLMK ICB
109558,,BLMK ICB
109560,,BLMK ICB
109562,,BLMK ICB
109564,,BLMK ICB
109567,,BLMK ICB
109571,,BLMK ICB
109572,,BLMK ICB
109574,,BLMK ICB
109575,,BLMK ICB
109578,,BLMK ICB
109579,,BLMK ICB
109581,,BLMK ICB
109583,,BLMK ICB
109584,,BLMK ICB
109585,,BLMK ICB
109588,,BLMK ICB
109590,,BLMK ICB
109591,,BLMK ICB
109594,,BLMK ICB
109595,,BLMK ICB
109599,,BLMK ICB
109603,,BLMK ICB
109604,,BLMK ICB
109605,,BLMK ICB
109609,,BLMK ICB
109610,,BLMK ICB
109611,,BLMK ICB
109613,,BLMK ICB
109615,,BLMK ICB
109617,,BLMK ICB
109618,,BLMK ICB
109619,,BLMK ICB
109622,,BLMK ICB
109624,,BLMK ICB
109626,,BLMK ICB
109627,,BLMK ICB
109628,,BLMK ICB
109635,,BLMK ICB
109664,,BLMK ICB
109666,,BLMK ICB
109669,,BLMK ICB
109686,,BLMK ICB
109689,,BLMK ICB
109690,,BLMK ICB
109694,,BLMK ICB
109702,,BLMK ICB
109703,,BLMK ICB
109707,,BLMK ICB
109715,,BLMK ICB
109717,,BLMK ICB
109718,,BLMK ICB
109720,,BLMK ICB
109726,,BLMK ICB
109727,,BLMK ICB
109728,,BLMK ICB
109739,SEN,BLMK ICB
109742,SEN,BLMK ICB
109743,SEN,BLMK ICB
109744,SEN,BLMK ICB
109745,SEN,BLMK ICB
109746,SEN,BLMK ICB
110197,,BLMK ICB
110213,,BLMK ICB
110230,,BLMK ICB
110231,,BLMK ICB
110240,,BLMK ICB
110252,,BLMK ICB
110256,,BLMK ICB
110257,,BLMK ICB
110327,,BLMK ICB
110330,,BLMK ICB
110345,,BLMK ICB
110355,,BLMK ICB
110363,,BLMK ICB
110365,,BLMK ICB
110366,,BLMK ICB
110367,,BLMK ICB
110368,,BLMK ICB
110369,,BLMK ICB
110372,,BLMK ICB
110375,,BLMK ICB
110379,,BLMK ICB
110380,,BLMK ICB
110381,,BLMK ICB
110382,,BLMK ICB
110385,,BLMK ICB
110394,,BLMK ICB
110395,,BLMK ICB
110399,,BLMK ICB
110400,,BLMK ICB
110401,,BLMK ICB
110404,,BLMK ICB
110405,,BLMK ICB
110406,,BLMK ICB
110407,,BLMK ICB
110408,,BLMK ICB
110443,,BLMK ICB
110476,,BLMK ICB
110481,,BLMK ICB
110482,,BLMK ICB
110483,,BLMK ICB
110517,,BLMK ICB
110532,,BLMK ICB
110565,,BLMK ICB
110567,,BLMK ICB
110575,SEN,BLMK ICB
110580,SEN,BLMK ICB
110584,SEN,BLMK ICB
110587,SEN,BLMK ICB
110592,SEN,BLMK ICB
110593,,C&P ICB
110594,,C&P ICB
110595,,C&P ICB
110596,,C&P ICB
110597,,C&P ICB
110598,,C&P ICB
110599,,C&P ICB
110602,,C&P ICB
110603,,C&P ICB
110604,,C&P ICB
110606,,C&P ICB
110607,,C&P ICB
110608,,C&P ICB
110611,,C&P ICB
110614,,C&P ICB
110615,,C&P ICB
110616,,C&P ICB
110617,,C&P ICB
110620,,C&P ICB
110621,,C&P ICB
110622,,C&P ICB
110626,,C&P ICB
110627,,C&P ICB
110630,,C&P ICB
110631,,C&P ICB
110632,,C&P ICB
110633,,C&P ICB
110635,,C&P ICB
110637,,C&P ICB
110638,,C&P ICB
110643,,N&W ICB
110644,,C&P ICB
110645,,C&P ICB
110649,,C&P ICB
110657,,C&P ICB
110658,,C&P ICB
110663,,C&P ICB
110664,,C&P ICB
110665,,C&P ICB
110666,,C&P ICB
110668,,C&P ICB
110673,,C&P ICB
110676,,C&P ICB
110679,,C&P ICB
110680,,C&P ICB
110683,,C&P ICB
110685,,C&P ICB
110687,,C&P ICB
110691,,C&P ICB
110698,,C&P ICB
110702,,C&P ICB
110703,,C&P ICB
110705,,C&P ICB
110707,,C&P ICB
110710,,C&P ICB
110713,,C&P ICB
110714,,C&P ICB
110717,,C&P ICB
110722,,C&P ICB
110723,,C&P ICB
110733,,C&P ICB
110734,,C&P ICB
110743,,C&P ICB
110746,,C&P ICB
110747,,C&P ICB
110748,,C&P ICB
110750,,C&P ICB
110754,,C&P ICB
110756,,C&P ICB
110758,,C&P ICB
110759,,C&P ICB
110760,,C&P ICB
110762,,C&P ICB
110763,,C&P ICB
110765,,C&P ICB
110766,,C&P ICB
110771,,C&P ICB
110772,,C&P ICB
110773,,C&P ICB
110775,,C&P ICB
110778,,C&P ICB
110781,,C&P ICB
110784,,C&P ICB
110785,,C&P ICB
110786,,C&P ICB
110787,,C&P ICB
110788,,C&P ICB
110791,,C&P ICB
110793,,C&P ICB
110795,,C&P ICB
110796,,C&P ICB
110798,,C&P ICB
110801,,C&P ICB
110802,,C&P ICB
110804,,C&P ICB
110807,,C&P ICB
110809,,C&P ICB
110812,,C&P ICB
110814,,C&P ICB
110815,,C&P ICB
110817,,C&P ICB
110820,,C&P ICB
110823,,C&P ICB
110824,,C&P ICB
110825,,C&P ICB
110827,,C&P ICB
110829,,C&P ICB
110830,,C&P ICB
110831,,C&P ICB
110832,,C&P ICB
110834,,C&P ICB
110836,,C&P ICB
110837,,C&P ICB
110839,,C&P ICB
110840,,C&P ICB
110847,,C&P ICB
110850,,C&P ICB
110852,,C&P ICB
110853,,C&P ICB
110856,,C&P ICB
110888,,C&P ICB
110907,,C&P ICB
110910,,C&P ICB
110911,,C&P ICB
110912,,C&P ICB
110913,,C&P ICB
110914,,C&P ICB
110915,,C&P ICB
110916,,C&P ICB
110920,SEN,C&P ICB
110921,,C&P ICB
110923,,C&P ICB
110924,,C&P ICB
110925,,C&P ICB
110926,,C&P ICB
110928,,C&P ICB
110930,,C&P ICB
110932,,C&P ICB
110935,,C&P ICB
110943,SEN,C&P ICB
110948,SEN,C&P ICB
110951,SEN,C&P ICB
114698,,MSE ICB
114699,,MSE ICB
114704,,SNEE ICB
114706,,SNEE ICB
114707,,SNEE ICB
114708,,SNEE ICB
114709,,SNEE ICB
114710,,SNEE ICB
114711,,SNEE ICB
114717,,SNEE ICB
114718,,MSE ICB
114719,,MSE ICB
114720,,MSE ICB
114722,,SNEE ICB
114732,,SNEE ICB
114734,,SNEE ICB
114735,,SNEE ICB
114738,,SNEE ICB
114739,,SNEE ICB
114742,,SNEE ICB
114743,,SNEE ICB
114744,,SNEE ICB
114745,,SNEE ICB
114746,,SNEE ICB
114747,,SNEE ICB
114750,,SNEE ICB
114751,,SNEE ICB
114755,,SNEE ICB
114756,,SNEE ICB
114759,,SNEE ICB
114760,,SNEE ICB
114761,,SNEE ICB
114764,,SNEE ICB
114767,,SNEE ICB
114769,,SNEE ICB
114774,,MSE ICB
114780,,MSE ICB
114801,,MSE ICB
114805,,MSE ICB
114811,,MSE ICB
114813,,MSE ICB
114817,,SNEE ICB
114818,,MSE ICB
114821,,MSE ICB
114822,,MSE ICB
114823,,SNEE ICB
114827,,MSE ICB
114834,,SNEE ICB
114835,,MSE ICB
114841,,MSE ICB
114843,,SNEE ICB
114852,,MSE ICB
114869,,MSE ICB
114875,,HWE ICB
114879,,MSE ICB
114884,,MSE ICB
114887,,MSE ICB
114888,,HWE ICB
114898,,MSE ICB
114902,,MSE ICB
114904,,MSE ICB
114910,,MSE ICB
114912,,MSE ICB
114913,,MSE ICB
114914,,MSE ICB
114921,,MSE ICB
114925,,MSE ICB
114929,,MSE ICB
114932,,HWE ICB
114933,,MSE ICB
114936,,MSE ICB
114937,,MSE ICB
114946,,MSE ICB
114951,,MSE ICB
114964,,HWE ICB
114967,,HWE ICB
114969,,MSE ICB
114970,,HWE ICB
114972,,HWE ICB
114974,,MSE ICB
114975,,HWE ICB
114978,,HWE ICB
114979,,HWE ICB
114980,,MSE ICB
114984,,MSE ICB
114985,,HWE ICB
114988,,MSE ICB
114989,,MSE ICB
114992,,MSE ICB
114996,,MSE ICB
114999,,MSE ICB
115000,,MSE ICB
115012,,MSE ICB
115027,,MSE ICB
115039,,MSE ICB
115041,,MSE ICB
115042,,MSE ICB
115064,,SNEE ICB
115065,,SNEE ICB
115066,,MSE ICB
115067,,MSE ICB
115068,,MSE ICB
115070,,MSE ICB
115071,,MSE ICB
115072,,SNEE ICB
115074,,SNEE ICB
115076,,SNEE ICB
115077,,SNEE ICB
115079,,SNEE ICB
115080,,SNEE ICB
115082,,SNEE ICB
115083,,SNEE ICB
115085,,SNEE ICB
115088,,SNEE ICB
115095,,HWE ICB
115099,,HWE ICB
115102,,MSE ICB
115103,,MSE ICB
115108,,MSE ICB
115110,,MSE ICB
115111,,MSE ICB
115112,,MSE ICB
115114,,MSE ICB
115119,,MSE ICB
115120,,MSE ICB
115125,,HWE ICB
115126,,HWE ICB
115127,,HWE ICB
115129,,HWE ICB
115130,,HWE ICB
115137,,MSE ICB
115138,,SNEE ICB
115139,,SNEE ICB
115141,,SNEE ICB
115144,,SNEE ICB
115145,,MSE ICB
115154,,MSE ICB
115155,,HWE ICB
115156,,MSE ICB
115157,,MSE ICB
115159,,MSE ICB
115164,,MSE ICB
115166,,MSE ICB
115170,,HWE ICB
115175,,MSE ICB
115177,,HWE ICB
115178,,HWE ICB
115179,,MSE ICB
115182,,HWE ICB
115183,,MSE ICB
115188,,HWE ICB
115189,,HWE ICB
115191,,HWE ICB
115194,,MSE ICB
115195,,HWE ICB
115197,,MSE ICB
115198,,MSE ICB
115200,,MSE ICB
115201,,MSE ICB
115203,,SNEE ICB
115204,,MSE ICB
115237,,MSE ICB
115238,,MSE ICB
115239,,MSE ICB
115240,,MSE ICB
115244,,MSE ICB
115256,,SNEE ICB
115261,,SNEE ICB
115264,,MSE ICB
115266,,HWE ICB
115268,,MSE ICB
115269,,HWE ICB
115281,,HWE ICB
115282,,HWE ICB
115288,,HWE ICB
115289,,MSE ICB
115292,,MSE ICB
115297,,SNEE ICB
115298,,HWE ICB
115299,,HWE ICB
115300,,SNEE ICB
115301,,SNEE ICB
115305,,MSE ICB
115307,,MSE ICB
115309,,HWE ICB
115310,,HWE ICB
115311,,SNEE ICB
115312,,MSE ICB
115313,,MSE ICB
115314,,SNEE ICB
115322,,MSE ICB
115382,,SNEE ICB
115386,,HWE ICB
115387,,MSE ICB
115388,,MSE ICB
115389,,MSE ICB
115391,,MSE ICB
115392,,HWE ICB
115393,,HWE ICB
115394,,SNEE ICB
115395,,HWE ICB
115396,,MSE ICB
115399,,MSE ICB
115400,,HWE ICB
115401,,MSE ICB
115402,,MSE ICB
115403,,MSE ICB
115408,,MSE ICB
115409,,SNEE ICB
115410,,SNEE ICB
115411,,MSE ICB
115412,,MSE ICB
115413,,SNEE ICB
115415,,SNEE ICB
115416,,MSE ICB
115417,,HWE ICB
115419,,HWE ICB
115420,,MSE ICB
115421,,MSE ICB
115424,,SNEE ICB
115425,SEN,HWE ICB
115426,SEN,SNEE ICB
115428,,MSE ICB
115429,,MSE ICB
115433,,HWE ICB
115435,,HWE ICB
115457,SEN,MSE ICB
115464,SEN,MSE ICB
115466,SEN,HWE ICB
115469,SEN,MSE ICB
115471,SEN,SNEE ICB
117065,,HWE ICB
117066,,HWE ICB
117067,,HWE ICB
117068,,HWE ICB
117069,,HWE ICB
117070,,HWE ICB
117071,,HWE ICB
117072,,HWE ICB
117076,,HWE ICB
117077,,HWE ICB
117078,,HWE ICB
117079,,HWE ICB
117080,,HWE ICB
117083,,HWE ICB
117084,,HWE ICB
117087,,HWE ICB
117088,,HWE ICB
117089,,HWE ICB
117090,,HWE ICB
117091,,HWE ICB
117092,,HWE ICB
117093,,HWE ICB
117096,,HWE ICB
117097,,HWE ICB
117098,,HWE ICB
117099,,HWE ICB
117100,,HWE ICB
117101,,HWE ICB
117102,,HWE ICB
117103,,HWE ICB
117105,,HWE ICB
117106,,HWE ICB
117107,,HWE ICB
117108,,HWE ICB
117109,,HWE ICB
117110,,HWE ICB
117111,,HWE ICB
117113,,HWE ICB
117114,,HWE ICB
117115,,HWE ICB
117117,,HWE ICB
117118,,HWE ICB
117119,,HWE ICB
117120,,HWE ICB
117123,,HWE ICB
117125,,HWE ICB
117126,,HWE ICB
117127,,HWE ICB
117128,,HWE ICB
117129,,C&P ICB
117130,,HWE ICB
117131,,HWE ICB
117132,,HWE ICB
117133,,HWE ICB
117134,,C&P ICB
117135,,HWE ICB
117136,,HWE ICB
117140,,HWE ICB
117141,,HWE ICB
117143,,HWE ICB
117144,,HWE ICB
117145,,HWE ICB
117146,,HWE ICB
117147,,HWE ICB
117148,,HWE ICB
117149,,HWE ICB
117150,,HWE ICB
117151,,HWE ICB
117153,,C&P ICB
117154,,HWE ICB
117156,,HWE ICB
117157,,HWE ICB
117158,,HWE ICB
117159,,HWE ICB
117160,,HWE ICB
117161,,HWE ICB
117162,,HWE ICB
117163,,HWE ICB
117166,,HWE ICB
117167,,HWE ICB
117168,,HWE ICB
117171,,HWE ICB
117174,,HWE ICB
117175,,HWE ICB
117176,,HWE ICB
117177,,HWE ICB
117178,,HWE ICB
117180,,HWE ICB
117181,,HWE ICB
117182,,HWE ICB
117183,,HWE ICB
117186,,HWE ICB
117187,,HWE ICB
117188,,HWE ICB
117189,,HWE ICB
117193,,HWE ICB
117194,,HWE ICB
117195,,HWE ICB
117197,,HWE ICB
117200,,HWE ICB
117206,,HWE ICB
117211,,HWE ICB
117214,,HWE ICB
117217,,HWE ICB
117218,,HWE ICB
117219,,HWE ICB
117220,,HWE ICB
117221,,HWE ICB
117222,,HWE ICB
117223,,HWE ICB
117224,,HWE ICB
117227,,HWE ICB
117230,,HWE ICB
117231,,HWE ICB
117233,,HWE ICB
117234,,HWE ICB
117235,,HWE ICB
117236,,HWE ICB
117242,,HWE ICB
117243,,HWE ICB
117245,,HWE ICB
117249,,HWE ICB
117250,,HWE ICB
117252,,HWE ICB
117253,,HWE ICB
117254,,HWE ICB
117255,,HWE ICB
117256,,HWE ICB
117258,,HWE ICB
117259,,HWE ICB
117260,,HWE ICB
117261,,HWE ICB
117263,,HWE ICB
117266,,HWE ICB
117269,,HWE ICB
117270,,HWE ICB
117271,,HWE ICB
117272,,HWE ICB
117274,,HWE ICB
117276,,HWE ICB
117277,,HWE ICB
117278,,C&P ICB
117279,,HWE ICB
117280,,HWE ICB
117281,,HWE ICB
117283,,HWE ICB
117289,,HWE ICB
117290,,HWE ICB
117292,,HWE ICB
117293,,HWE ICB
117294,,HWE ICB
117296,,HWE ICB
117297,,HWE ICB
117298,,HWE ICB
117303,,HWE ICB
117304,,HWE ICB
117305,,HWE ICB
117306,,HWE ICB
117309,,HWE ICB
117310,,HWE ICB
117311,,HWE ICB
117313,,HWE ICB
117314,,HWE ICB
117315,,HWE ICB
117316,,HWE ICB
117317,,HWE ICB
117319,,HWE ICB
117322,,HWE ICB
117323,,HWE ICB
117324,,HWE ICB
117326,,HWE ICB
117327,,HWE ICB
117328,,HWE ICB
117329,,HWE ICB
117330,,HWE ICB
117331,,C&P ICB
117333,,HWE ICB
117334,,HWE ICB
117335,,HWE ICB
117336,,HWE ICB
117337,,HWE ICB
117340,,HWE ICB
117342,,HWE ICB
117345,,HWE ICB
117349,,HWE ICB
117353,,HWE ICB
117358,,HWE ICB
117361,,HWE ICB
117363,,HWE ICB
117364,,HWE ICB
117365,,HWE ICB
117366,,HWE ICB
117367,,HWE ICB
117368,,HWE ICB
117369,,HWE ICB
117370,,HWE ICB
117371,,HWE ICB
117374,,HWE ICB
117376,,HWE ICB
117377,,HWE ICB
117378,,HWE ICB
117379,,HWE ICB
117382,,HWE ICB
117384,,HWE ICB
117385,,HWE ICB
117386,,C&P ICB
117387,,HWE ICB
117389,,HWE ICB
117390,,HWE ICB
117391,,HWE ICB
117392,,HWE ICB
117393,,HWE ICB
117394,,HWE ICB
117395,,HWE ICB
117396,,HWE ICB
117397,,HWE ICB
117398,,HWE ICB
117400,,HWE ICB
117401,,HWE ICB
117402,,HWE ICB
117403,,HWE ICB
117405,,HWE ICB
117406,,HWE ICB
117407,,HWE ICB
117408,,HWE ICB
117409,,HWE ICB
117410,,HWE ICB
117413,,HWE ICB
117414,,HWE ICB
117415,,HWE ICB
117416,,HWE ICB
117417,,HWE ICB
117418,,HWE ICB
117419,,HWE ICB
117420,,HWE ICB
117421,,HWE ICB
117422,,C&P ICB
117423,,HWE ICB
117424,,HWE ICB
117426,,HWE ICB
117428,,HWE ICB
117430,,HWE ICB
117431,,HWE ICB
117432,,HWE ICB
117433,,HWE ICB
117434,,HWE ICB
117435,,HWE ICB
117437,,HWE ICB
117439,,HWE ICB
117440,,HWE ICB
117441,,HWE ICB
117442,,HWE ICB
117443,,HWE ICB
117444,,HWE ICB
117445,,HWE ICB
117446,,HWE ICB
117448,,HWE ICB
117449,,HWE ICB
117451,,HWE ICB
117452,,HWE ICB
117453,,HWE ICB
117455,,HWE ICB
117456,,HWE ICB
117457,,HWE ICB
117458,,HWE ICB
117459,,HWE ICB
117460,,HWE ICB
117461,,HWE ICB
117462,,HWE ICB
117463,,HWE ICB
117464,,HWE ICB
117465,,HWE ICB
117466,,HWE ICB
117467,,HWE ICB
117469,,HWE ICB
117470,,HWE ICB
117472,,HWE ICB
117473,,HWE ICB
117474,,HWE ICB
117481,,HWE ICB
117488,,HWE ICB
117490,,HWE ICB
117491,,HWE ICB
117492,,HWE ICB
117495,,HWE ICB
117496,,HWE ICB
117497,,HWE ICB
117498,,HWE ICB
117499,,HWE ICB
117504,,HWE ICB
117518,,HWE ICB
117530,,HWE ICB
117534,,HWE ICB
117541,,HWE ICB
117552,,HWE ICB
117554,,HWE ICB
117555,,HWE ICB
117559,,HWE ICB
117562,,HWE ICB
117563,,HWE ICB
117564,,HWE ICB
117565,,HWE ICB
117567,,HWE ICB
117569,,HWE ICB
117570,,HWE ICB
117577,,HWE ICB
117578,,HWE ICB
117600,,HWE ICB
117601,,HWE ICB
117602,,HWE ICB
117604,,HWE ICB
117604,,HWE ICB
117605,,HWE ICB
117606,,HWE ICB
117607,,HWE ICB
117608,,HWE ICB
117609,,HWE ICB
117610,,HWE ICB
117611,,HWE ICB
117612,,HWE ICB
117613,,HWE ICB
117615,,HWE ICB
117616,,HWE ICB
117617,,HWE ICB
117617,,HWE ICB
117618,,HWE ICB
117620,,HWE ICB
117621,,HWE ICB
117622,,HWE ICB
117623,,HWE ICB
117624,,HWE ICB
117627,,HWE ICB
117628,,HWE ICB
117629,,HWE ICB
117630,,HWE ICB
117633,,HWE ICB
117635,,HWE ICB
117636,,HWE ICB
117638,,HWE ICB
117640,,HWE ICB
117641,,HWE ICB
117643,,HWE ICB
117644,,HWE ICB
117646,SEN,HWE ICB
117647,,HWE ICB
117648,,HWE ICB
117649,,HWE ICB
117650,,HWE ICB
117651,,HWE ICB
117653,,HWE ICB
117654,,HWE ICB
117657,,HWE ICB
117658,,HWE ICB
117662,,HWE ICB
117665,SEN,HWE ICB
117667,SEN,HWE ICB
117669,SEN,HWE ICB
117670,SEN,HWE ICB
117671,SEN,HWE ICB
117672,SEN,HWE ICB
117674,SEN,HWE ICB
117676,SEN,HWE ICB
117679,SEN,HWE ICB
117680,SEN,HWE ICB
117681,SEN,HWE ICB
117682,SEN,HWE ICB
117683,SEN,HWE ICB
117684,SEN,HWE ICB
117685,SEN,HWE ICB
117686,SEN,HWE ICB
117690,SEN,HWE ICB
117691,SEN,HWE ICB
120765,,N&W ICB
120766,,N&W ICB
120767,,N&W ICB
120777,,N&W ICB
120781,,N&W ICB
120783,,N&W ICB
120784,,N&W ICB
120788,,N&W ICB
120789,,N&W ICB
120794,,N&W ICB
120795,,N&W ICB
120796,,N&W ICB
120797,,N&W ICB
120798,,N&W ICB
120808,,N&W ICB
120809,,N&W ICB
120812,,N&W ICB
120815,,N&W ICB
120816,,N&W ICB
120817,,N&W ICB
120818,,N&W ICB
120821,,N&W ICB
120822,,N&W ICB
120825,,N&W ICB
120827,,N&W ICB
120830,,N&W ICB
120835,,N&W ICB
120836,,N&W ICB
120840,,N&W ICB
120841,,N&W ICB
120843,,N&W ICB
120847,,N&W ICB
120848,,N&W ICB
120851,,N&W ICB
120852,,N&W ICB
120853,,N&W ICB
120856,,N&W ICB
120859,,N&W ICB
120862,,N&W ICB
120863,,N&W ICB
120866,,N&W ICB
120867,,N&W ICB
120883,,N&W ICB
120884,,N&W ICB
120887,,N&W ICB
120888,,N&W ICB
120890,,N&W ICB
120896,,N&W ICB
120899,,N&W ICB
120903,,N&W ICB
120904,,N&W ICB
120905,,N&W ICB
120906,,N&W ICB
120908,,N&W ICB
120909,,N&W ICB
120910,,N&W ICB
120911,,N&W ICB
120912,,N&W ICB
120913,,N&W ICB
120914,,N&W ICB
120917,,N&W ICB
120918,,N&W ICB
120920,,N&W ICB
120922,,N&W ICB
120928,,N&W ICB
120932,,N&W ICB
120954,,N&W ICB
120958,,N&W ICB
120972,,N&W ICB
120973,,N&W ICB
120982,,N&W ICB
120984,,N&W ICB
120987,,N&W ICB
120988,,N&W ICB
120990,,N&W ICB
120995,,N&W ICB
120999,,N&W ICB
121000,,N&W ICB
121011,,N&W ICB
121013,,N&W ICB
121017,,N&W ICB
121018,,N&W ICB
121019,,N&W ICB
121022,,N&W ICB
121026,,N&W ICB
121027,,N&W ICB
121035,,N&W ICB
121036,,N&W ICB
121037,,N&W ICB
121040,,N&W ICB
121041,,N&W ICB
121042,,N&W ICB
121050,,N&W ICB
121051,,N&W ICB
121053,,N&W ICB
121054,,N&W ICB
121059,,N&W ICB
121061,,N&W ICB
121062,,N&W ICB
121063,,N&W ICB
121066,,N&W ICB
121067,,N&W ICB
121069,,N&W ICB
121081,,N&W ICB
121082,,N&W ICB
121083,,N&W ICB
121086,,N&W ICB
121087,,N&W ICB
121090,,N&W ICB
121092,,N&W ICB
121093,,N&W ICB
121095,,N&W ICB
121096,,N&W ICB
121097,,N&W ICB
121108,,N&W ICB
121110,,N&W ICB
121113,,N&W ICB
121117,,N&W ICB
121123,,N&W ICB
121128,,N&W ICB
121134,,N&W ICB
121135,,N&W ICB
121146,,N&W ICB
121147,,N&W ICB
121149,,N&W ICB
121150,,N&W ICB
121164,,N&W ICB
121190,,N&W ICB
121192,,N&W ICB
121197,,N&W ICB
121199,,N&W ICB
121202,,N&W ICB
121203,,N&W ICB
121205,,N&W ICB
121206,,N&W ICB
121222,,N&W ICB
121222,,N&W ICB
121223,,N&W ICB
121224,,N&W ICB
121225,,N&W ICB
121229,SEN,N&W ICB
121231,,N&W ICB
121237,,N&W ICB
121239,,N&W ICB
121241,,N&W ICB
121242,,N&W ICB
121245,,N&W ICB
121246,SEN,N&W ICB
121250,SEN,N&W ICB
121252,SEN,N&W ICB
121254,SEN,N&W ICB
121256,SEN,N&W ICB
121257,SEN,N&W ICB
121258,SEN,N&W ICB
121260,SEN,N&W ICB
121261,SEN,N&W ICB
121262,SEN,N&W ICB
121264,SEN,N&W ICB
121265,SEN,N&W ICB
124525,,SNEE ICB
124531,,SNEE ICB
124534,,SNEE ICB
124536,,SNEE ICB
124537,,SNEE ICB
124538,,SNEE ICB
124539,,SNEE ICB
124540,,SNEE ICB
124543,,SNEE ICB
124547,,SNEE ICB
124550,,SNEE ICB
124552,,SNEE ICB
124559,,SNEE ICB
124565,,SNEE ICB
124572,,SNEE ICB
124574,,N&W ICB
124577,,SNEE ICB
124578,,SNEE ICB
124582,,SNEE ICB
124584,,SNEE ICB
124588,,SNEE ICB
124593,,SNEE ICB
124595,,SNEE ICB
124597,,SNEE ICB
124602,,SNEE ICB
124609,,SNEE ICB
124613,,SNEE ICB
124614,,SNEE ICB
124618,,SNEE ICB
124619,,SNEE ICB
124624,,SNEE ICB
124625,,SNEE ICB
124627,,SNEE ICB
124628,,SNEE ICB
124645,,SNEE ICB
124654,,SNEE ICB
124675,,SNEE ICB
124676,,N&W ICB
124680,,SNEE ICB
124681,,SNEE ICB
124682,,SNEE ICB
124685,,SNEE ICB
124686,,SNEE ICB
124688,,SNEE ICB
124689,,SNEE ICB
124690,,SNEE ICB
124691,,SNEE ICB
124692,,SNEE ICB
124698,,SNEE ICB
124699,,SNEE ICB
124702,,SNEE ICB
124703,,SNEE ICB
124706,,SNEE ICB
124709,,SNEE ICB
124710,,SNEE ICB
124712,,SNEE ICB
124717,,SNEE ICB
124718,,SNEE ICB
124723,,SNEE ICB
124727,,N&W ICB
124729,,SNEE ICB
124732,,SNEE ICB
124735,,SNEE ICB
124744,,SNEE ICB
124748,,N&W ICB
124749,,SNEE ICB
124750,,SNEE ICB
124751,,N&W ICB
124754,,SNEE ICB
124757,,SNEE ICB
124758,,SNEE ICB
124763,,SNEE ICB
124764,,SNEE ICB
124770,,SNEE ICB
124772,,SNEE ICB
124774,,SNEE ICB
124775,,SNEE ICB
124781,,SNEE ICB
124782,,SNEE ICB
124786,,SNEE ICB
124802,,SNEE ICB
124840,,SNEE ICB
124856,,SNEE ICB
124865,,SNEE ICB
124866,,SNEE ICB
124868,,N&W ICB
124870,,SNEE ICB
124872,,SNEE ICB
124873,,SNEE ICB
124875,,SNEE ICB
124876,,SNEE ICB
124879,SEN,SNEE ICB
124881,,SNEE ICB
124883,,SNEE ICB
124884,,SNEE ICB
124885,,N&W ICB
124886,,SNEE ICB
124887,,SNEE ICB
124888,,SNEE ICB
124889,,SNEE ICB
124890,SEN,SNEE ICB
124892,,SNEE ICB
124893,,SNEE ICB
124899,,SNEE ICB
124903,SEN,SNEE ICB
126565,,BLMK ICB
127003,,N&W ICB
127003,SEN,SNEE ICB
128768,SEN,BLMK ICB
129511,,N&W ICB
130344,SEN,HWE ICB
130349,SEN,HWE ICB
130359,SEN,HWE ICB
130362,SEN,HWE ICB
130597,,BLMK ICB
130600,,BLMK ICB
130609,,BLMK ICB
130610,,C&P ICB
130613,,C&P ICB
130615,,C&P ICB
130672,,MSE ICB
130674,,SNEE ICB
130676,,HWE ICB
130679,,MSE ICB
130681,,MSE ICB
130720,,HWE ICB
130721,,HWE ICB
130722,,HWE ICB
130723,,HWE ICB
130763,,N&W ICB
130764,,N&W ICB
130818,,SNEE ICB
130819,,N&W ICB
130820,,SNEE ICB
130854,SEN,SNEE ICB
130855,SEN,SNEE ICB
131089,,BLMK ICB
131100,SEN,HWE ICB
131175,,BLMK ICB
131197,,C&P ICB
131209,,HWE ICB
131219,,SNEE ICB
131238,,C&P ICB
131287,,N&W ICB
131319,SEN,HWE ICB
131330,,C&P ICB
131348,,BLMK ICB
131397,,BLMK ICB
131456,,HWE ICB
131505,,HWE ICB
131579,,MSE ICB
131693,,C&P ICB
131718,,BLMK ICB
131806,,MSE ICB
131838,SEN,HWE ICB
131850,,BLMK ICB
131851,,BLMK ICB
131937,,C&P ICB
131962,,SNEE ICB
131996,,C&P ICB
132011,SEN,C&P ICB
132015,SEN,HWE ICB
132031,,C&P ICB
132091,,HWE ICB
132105,,HWE ICB
132142,,MSE ICB
132164,,MSE ICB
132236,,BLMK ICB
132246,,BLMK ICB
132763,,C&P ICB
132786,,BLMK ICB
132787,,BLMK ICB
133114,,MSE ICB
133117,SEN,C&P ICB
133157,SEN,SNEE ICB
133237,SEN,SNEE ICB
133238,SEN,SNEE ICB
133239,SEN,N&W ICB
133255,,HWE ICB
133311,,C&P ICB
133312,,MSE ICB
133323,,HWE ICB
133488,,HWE ICB
133505,SEN,N&W ICB
133506,SEN,N&W ICB
133507,SEN,N&W ICB
133508,SEN,N&W ICB
133570,SEN,C&P ICB
133596,,BLMK ICB
133605,,SNEE ICB
133628,,MSE ICB
133651,SEN,C&P ICB
133661,,MSE ICB
133773,,HWE ICB
133930,,C&P ICB
133975,,HWE ICB
134043,,N&W ICB
134065,,MSE ICB
134072,,BLMK ICB
134073,,BLMK ICB
134087,,HWE ICB
134155,,BLMK ICB
134179,SEN,C&P ICB
134260,SEN,SNEE ICB
134289,,BLMK ICB
134318,,BLMK ICB
134398,SEN,MSE ICB
134423,,BLMK ICB
134440,,N&W ICB
134455,,N&W ICB
134480,,SNEE ICB
134525,SEN,BLMK ICB
134701,,BLMK ICB
134765,SEN,C&P ICB
134805,,BLMK ICB
134807,,BLMK ICB
134860,,MSE ICB
134893,SEN,C&P ICB
134894,,C&P ICB
134937,SEN,C&P ICB
134940,SEN,MSE ICB
134958,,N&W ICB
134960,,N&W ICB
134964,,N&W ICB
134965,,N&W ICB
134972,SEN,C&P ICB
134978,SEN,N&W ICB
134979,,C&P ICB
135021,,BLMK ICB
135066,SEN,N&W ICB
135083,,HWE ICB
135084,,HWE ICB
135131,,C&P ICB
135132,,C&P ICB
135148,,N&W ICB
135221,,HWE ICB
135222,,HWE ICB
135223,,HWE ICB
135224,,HWE ICB
135250,,N&W ICB
135252,SEN,SNEE ICB
135263,,C&P ICB
135270,,BLMK ICB
135271,,BLMK ICB
135271,,BLMK ICB
135328,,HWE ICB
135337,,BLMK ICB
135338,,BLMK ICB
135380,SEN,C&P ICB
135404,,C&P ICB
135528,,HWE ICB
135539,,BLMK ICB
135568,,C&P ICB
135585,,SNEE ICB
135596,,HWE ICB
135650,,N&W ICB
135651,,MSE ICB
135652,,MSE ICB
135653,,MSE ICB
135665,,BLMK ICB
135689,,SNEE ICB
135778,SEN,MSE ICB
135837,SEN,MSE ICB
135837,SEN,MSE ICB
135859,SEN,N&W ICB
135876,,HWE ICB
135890,SEN,HWE ICB
135895,,MSE ICB
135897,,MSE ICB
135903,,MSE ICB
135904,,N&W ICB
135946,,BLMK ICB
135957,,SNEE ICB
135960,,MSE ICB
135980,,C&P ICB
135987,SEN,BLMK ICB
135990,SEN,BLMK ICB
135996,,BLMK ICB
136023,,C&P ICB
136035,SEN,MSE ICB
136047,SEN,C&P ICB
136083,,C&P ICB
136085,,BLMK ICB
136122,,BLMK ICB
136153,,BLMK ICB
136186,,N&W ICB
136187,,N&W ICB
136195,,SNEE ICB
136202,,N&W ICB
136204,,N&W ICB
136236,SEN,C&P ICB
136241,,C&P ICB
136266,,C&P ICB
136271,,SNEE ICB
136272,,MSE ICB
136275,,BLMK ICB
136276,,HWE ICB
136289,,HWE ICB
136316,,SNEE ICB
136319,,BLMK ICB
136322,,SNEE ICB
136325,,HWE ICB
136328,,HWE ICB
136332,,C&P ICB
136339,,C&P ICB
136342,,HWE ICB
136345,,BLMK ICB
136356,,N&W ICB
136396,,HWE ICB
136398,,C&P ICB
136412,,MSE ICB
136416,,SNEE ICB
136441,,HWE ICB
136442,,C&P ICB
136443,,MSE ICB
136444,,MSE ICB
136453,,SNEE ICB
136454,,BLMK ICB
136463,,C&P ICB
136468,,BLMK ICB
136470,,BLMK ICB
136471,,BLMK ICB
136481,,N&W ICB
136482,,HWE ICB
136490,,MSE ICB
136515,,N&W ICB
136536,,N&W ICB
136539,,BLMK ICB
136552,,BLMK ICB
136554,,HWE ICB
136555,,HWE ICB
136559,,BLMK ICB
136560,,BLMK ICB
136577,,MSE ICB
136579,,MSE ICB
136580,,C&P ICB
136605,,MSE ICB
136606,,HWE ICB
136608,,HWE ICB
136609,,HWE ICB
136610,,C&P ICB
136625,,HWE ICB
136636,,C&P ICB
136642,,MSE ICB
136650,,C&P ICB
136651,,BLMK ICB
136653,,C&P ICB
136660,,BLMK ICB
136670,,C&P ICB
136677,,C&P ICB
136713,,BLMK ICB
136721,,C&P ICB
136729,,MSE ICB
136730,,BLMK ICB
136734,,MSE ICB
136757,,SNEE ICB
136758,,HWE ICB
136766,,BLMK ICB
136775,,C&P ICB
136776,,HWE ICB
136782,,SNEE ICB
136792,,BLMK ICB
136802,,C&P ICB
136814,,C&P ICB
136821,,N&W ICB
136827,,SNEE ICB
136829,,BLMK ICB
136834,,SNEE ICB
136842,,BLMK ICB
136842,,BLMK ICB
136844,,BLMK ICB
136853,,BLMK ICB
136853,,BLMK ICB
136855,,MSE ICB
136857,,HWE ICB
136861,,MSE ICB
136863,,MSE ICB
136868,,MSE ICB
136875,,MSE ICB
136877,,HWE ICB
136887,,C&P ICB
136899,,HWE ICB
136901,,HWE ICB
136904,,MSE ICB
136918,,SNEE ICB
136922,,HWE ICB
136931,,C&P ICB
136967,,HWE ICB
136969,,SNEE ICB
136973,,HWE ICB
136974,,C&P ICB
136977,,MSE ICB
136990,,SNEE ICB
136992,,C&P ICB
136998,,N&W ICB
137002,,HWE ICB
137013,,MSE ICB
137027,,MSE ICB
137029,,MSE ICB
137030,,MSE ICB
137038,,HWE ICB
137048,,MSE ICB
137052,,BLMK ICB
137052,,BLMK ICB
137054,,MSE ICB
137055,,N&W ICB
137056,,HWE ICB
137058,,HWE ICB
137061,,BLMK ICB
137072,,MSE ICB
137081,,HWE ICB
137082,,C&P ICB
137090,,HWE ICB
137092,,N&W ICB
137108,,MSE ICB
137110,,HWE ICB
137134,,N&W ICB
137152,,MSE ICB
137156,,HWE ICB
137169,,BLMK ICB
137188,,SNEE ICB
137208,,SNEE ICB
137214,,MSE ICB
137218,,SNEE ICB
137220,,MSE ICB
137224,,HWE ICB
137226,,MSE ICB
137238,,HWE ICB
137240,,MSE ICB
137241,,SNEE ICB
137246,,MSE ICB
137247,,MSE ICB
137248,,C&P ICB
137249,,BLMK ICB
137260,,MSE ICB
137270,,HWE ICB
137284,,MSE ICB
137288,,HWE ICB
137290,,BLMK ICB
137305,,C&P ICB
137310,,MSE ICB
137311,,N&W ICB
137312,,MSE ICB
137321,,SNEE ICB
137324,,BLMK ICB
137339,,HWE ICB
137351,,HWE ICB
137377,,C&P ICB
137378,,MSE ICB
137381,,MSE ICB
137395,,MSE ICB
137405,,MSE ICB
137419,,SNEE ICB
137427,,C&P ICB
137431,,N&W ICB
137433,SEN,SNEE ICB
137434,,C&P ICB
137445,,HWE ICB
137456,,MSE ICB
137459,SEN,N&W ICB
137461,,N&W ICB
137462,,BLMK ICB
137469,SEN,BLMK ICB
137475,,C&P ICB
137515,,SNEE ICB
137516,,HWE ICB
137522,,BLMK ICB
137527,,C&P ICB
137532,,HWE ICB
137541,,N&W ICB
137544,,MSE ICB
137547,,C&P ICB
137549,,MSE ICB
137552,,HWE ICB
137554,SEN,MSE ICB
137555,,BLMK ICB
137594,SEN,C&P ICB
137607,,MSE ICB
137621,,N&W ICB
137626,,C&P ICB
137631,,MSE ICB
137632,,BLMK ICB
137636,,BLMK ICB
137637,,HWE ICB
137639,,C&P ICB
137656,,C&P ICB
137674,,SNEE ICB
137679,,BLMK ICB
137694,,HWE ICB
137698,,MSE ICB
137727,,MSE ICB
137733,,MSE ICB
137744,,MSE ICB
137756,,BLMK ICB
137757,,HWE ICB
137778,,BLMK ICB
137790,,MSE ICB
137826,,C&P ICB
137838,SEN,SNEE ICB
137847,,HWE ICB
137849,,SNEE ICB
137853,,BLMK ICB
137861,,HWE ICB
137867,,C&P ICB
137872,,HWE ICB
137874,,MSE ICB
137877,,MSE ICB
137880,,C&P ICB
137886,,BLMK ICB
137895,,HWE ICB
137896,SEN,BLMK ICB
137901,,SNEE ICB
137904,,BLMK ICB
137913,,N&W ICB
137914,,HWE ICB
137922,,HWE ICB
137924,,C&P ICB
137926,,SNEE ICB
137927,,SNEE ICB
137937,,SNEE ICB
137938,,HWE ICB
137941,,BLMK ICB
137943,,HWE ICB
137944,,SNEE ICB
137945,,SNEE ICB
137947,,BLMK ICB
137948,,BLMK ICB
137949,,N&W ICB
137971,,MSE ICB
137975,,HWE ICB
137985,,HWE ICB
137997,SEN,HWE ICB
138003,,BLMK ICB
138021,,BLMK ICB
138022,,BLMK ICB
138027,,BLMK ICB
138028,,MSE ICB
138029,,C&P ICB
138039,,N&W ICB
138042,,HWE ICB
138044,SEN,MSE ICB
138048,,MSE ICB
138053,,C&P ICB
138065,,MSE ICB
138067,,BLMK ICB
138072,,SNEE ICB
138084,,SNEE ICB
138105,,MSE ICB
138106,,HWE ICB
138117,,SNEE ICB
138122,SEN,MSE ICB
138138,SEN,N&W ICB
138161,,SNEE ICB
138162,,SNEE ICB
138164,,SNEE ICB
138174,,MSE ICB
138177,,C&P ICB
138181,,BLMK ICB
138201,,HWE ICB
138205,,HWE ICB
138206,,HWE ICB
138209,,BLMK ICB
138215,,HWE ICB
138219,SEN,MSE ICB
138228,,BLMK ICB
138231,,HWE ICB
138239,,MSE ICB
138250,,SNEE ICB
138253,SEN,BLMK ICB
138271,SEN,C&P ICB
138274,,N&W ICB
138280,,C&P ICB
138286,,HWE ICB
138288,,HWE ICB
138292,,C&P ICB
138311,,SNEE ICB
138316,,HWE ICB
138322,,HWE ICB
138334,,MSE ICB
138349,,MSE ICB
138352,,HWE ICB
138354,,HWE ICB
138356,,HWE ICB
138360,,HWE ICB
138373,,SNEE ICB
138389,,HWE ICB
138404,,MSE ICB
138439,,BLMK ICB
138440,,BLMK ICB
138469,,BLMK ICB
138484,,HWE ICB
138485,SEN,HWE ICB
138506,,SNEE ICB
138507,,HWE ICB
138533,,MSE ICB
138539,,HWE ICB
138558,,BLMK ICB
138571,,BLMK ICB
138575,,SNEE ICB
138581,,MSE ICB
138582,,HWE ICB
138595,,C&P ICB
138604,,MSE ICB
138605,,BLMK ICB
138632,,HWE ICB
138642,,N&W ICB
138714,,BLMK ICB
138715,,BLMK ICB
138734,,HWE ICB
138735,,MSE ICB
138736,SEN,MSE ICB
138747,,HWE ICB
138758,,N&W ICB
138779,SEN,N&W ICB
138793,,N&W ICB
138795,,N&W ICB
138796,,N&W ICB
138797,,N&W ICB
138829,,N&W ICB
138834,,MSE ICB
138844,,BLMK ICB
138865,,MSE ICB
138877,,N&W ICB
138880,SEN,N&W ICB
138901,,MSE ICB
138911,,SNEE ICB
138918,,N&W ICB
138933,,BLMK ICB
138938,,BLMK ICB
138939,,BLMK ICB
138962,,MSE ICB
138993,,C&P ICB
138994,,MSE ICB
138996,,HWE ICB
139018,SEN,C&P ICB
139036,,HWE ICB
139057,,BLMK ICB
139058,,N&W ICB
139082,,C&P ICB
139086,,C&P ICB
139087,,C&P ICB
139088,,C&P ICB
139099,SEN,N&W ICB
139104,,MSE ICB
139105,,MSE ICB
139106,,MSE ICB
139149,,SNEE ICB
139153,,MSE ICB
139154,,HWE ICB
139159,,HWE ICB
139160,,BLMK ICB
139166,,MSE ICB
139179,,MSE ICB
139181,,MSE ICB
139197,SEN,HWE ICB
139219,,BLMK ICB
139248,,MSE ICB
139252,,SNEE ICB
139272,,C&P ICB
139288,,SNEE ICB
139311,,N&W ICB
139320,SEN,BLMK ICB
139360,,MSE ICB
139370,,C&P ICB
139372,,BLMK ICB
139374,SEN,BLMK ICB
139380,,MSE ICB
139382,,MSE ICB
139398,,HWE ICB
139399,,HWE ICB
139401,,C&P ICB
139402,,MSE ICB
139403,,N&W ICB
139408,,C&P ICB
139411,SEN,BLMK ICB
139411,SEN,BLMK ICB
139416,,HWE ICB
139448,,SNEE ICB
139449,,BLMK ICB
139462,,SNEE ICB
139466,,C&P ICB
139473,,BLMK ICB
139485,,SNEE ICB
139487,,N&W ICB
139491,,N&W ICB
139507,,HWE ICB
139510,,BLMK ICB
139515,,BLMK ICB
139517,,BLMK ICB
139519,,BLMK ICB
139522,,BLMK ICB
139523,,BLMK ICB
139534,,MSE ICB
139535,,N&W ICB
139537,,C&P ICB
139543,,MSE ICB
139545,,HWE ICB
139547,,BLMK ICB
139555,,C&P ICB
139556,,C&P ICB
139566,,MSE ICB
139572,,N&W ICB
139576,,MSE ICB
139577,,HWE ICB
139578,,MSE ICB
139580,,N&W ICB
139583,,SNEE ICB
139605,,MSE ICB
139612,,BLMK ICB
139613,,MSE ICB
139634,,C&P ICB
139641,,SNEE ICB
139662,,HWE ICB
139665,SEN,N&W ICB
139705,,BLMK ICB
139732,SEN,SNEE ICB
139736,,N&W ICB
139763,,MSE ICB
139782,,BLMK ICB
139798,,BLMK ICB
139802,,HWE ICB
139803,,SNEE ICB
139804,,N&W ICB
139806,,SNEE ICB
139808,,SNEE ICB
139844,,C&P ICB
139861,,BLMK ICB
139867,,SNEE ICB
139871,,MSE ICB
139873,,HWE ICB
139896,,N&W ICB
139903,SEN,MSE ICB
139917,,MSE ICB
139929,,N&W ICB
139930,,C&P ICB
139950,,HWE ICB
139990,,BLMK ICB
139991,,MSE ICB
140013,,MSE ICB
140016,,N&W ICB
140019,,HWE ICB
140024,,HWE ICB
140031,,C&P ICB
140032,,SNEE ICB
140033,,N&W ICB
140037,,HWE ICB
140043,,C&P ICB
140044,,SNEE ICB
140047,,SNEE ICB
140049,,HWE ICB
140075,,BLMK ICB
140121,,N&W ICB
140121,SEN,N&W ICB
140121,SEN,N&W ICB
140173,,C&P ICB
140174,,C&P ICB
140180,,MSE ICB
140181,,SNEE ICB
140188,,N&W ICB
140189,,N&W ICB
140228,,BLMK ICB
140238,,HWE ICB
140249,,HWE ICB
140252,SEN,BLMK ICB
140265,,C&P ICB
140276,,BLMK ICB
140281,,BLMK ICB
140286,SEN,BLMK ICB
140294,,HWE ICB
140308,,MSE ICB
140363,,N&W ICB
140364,,N&W ICB
140367,,SNEE ICB
140374,,C&P ICB
140375,,MSE ICB
140377,,C&P ICB
140380,,HWE ICB
140386,,C&P ICB
140396,,SNEE ICB
140447,,MSE ICB
140483,,C&P ICB
140499,,C&P ICB
140506,,SNEE ICB
140534,,N&W ICB
140535,,C&P ICB
140536,,MSE ICB
140538,,C&P ICB
140545,,N&W ICB
140557,,N&W ICB
140573,,N&W ICB
140611,,HWE ICB
140622,,C&P ICB
140623,,SNEE ICB
140655,SEN,HWE ICB
140663,,N&W ICB
140666,,MSE ICB
140669,,SNEE ICB
140672,,MSE ICB
140681,,N&W ICB
140707,,HWE ICB
140708,,HWE ICB
140712,,N&W ICB
140720,,MSE ICB
140734,,BLMK ICB
140735,,SNEE ICB
140744,,MSE ICB
140747,,MSE ICB
140753,SEN,N&W ICB
140786,,HWE ICB
140815,,N&W ICB
140819,,N&W ICB
140822,,SNEE ICB
140823,,N&W ICB
140828,,MSE ICB
140832,,MSE ICB
140835,,BLMK ICB
140844,,MSE ICB
140852,,N&W ICB
140855,,C&P ICB
140861,SEN,MSE ICB
140870,,N&W ICB
140882,SEN,C&P ICB
140887,,SNEE ICB
140888,,C&P ICB
140914,,N&W ICB
140917,,C&P ICB
140938,,MSE ICB
140954,,HWE ICB
140955,,HWE ICB
140956,,HWE ICB
140969,,SNEE ICB
140990,,N&W ICB
140998,,SNEE ICB
141050,,N&W ICB
141052,,MSE ICB
141070,,MSE ICB
141086,,N&W ICB
141113,,SNEE ICB
141124,,C&P ICB
141161,,N&W ICB
141168,,N&W ICB
141170,,MSE ICB
141172,,N&W ICB
141182,,MSE ICB
141192,,N&W ICB
141194,,HWE ICB
141195,,SNEE ICB
141211,,C&P ICB
141212,,C&P ICB
141213,,C&P ICB
141214,,MSE ICB
141226,,N&W ICB
141227,,N&W ICB
141228,,N&W ICB
141236,,SNEE ICB
141251,SEN,HWE ICB
141268,,N&W ICB
141269,,N&W ICB
141271,,BLMK ICB
141297,,C&P ICB
141300,,C&P ICB
141304,,HWE ICB
141314,,N&W ICB
141326,,MSE ICB
141328,,HWE ICB
141331,,N&W ICB
141355,,MSE ICB
141356,,N&W ICB
141357,,N&W ICB
141358,,N&W ICB
141359,,N&W ICB
141360,,N&W ICB
141371,,SNEE ICB
141372,,SNEE ICB
141373,,SNEE ICB
141379,,HWE ICB
141380,,HWE ICB
141381,,HWE ICB
141395,,N&W ICB
141406,,SNEE ICB
141407,SEN,SNEE ICB
141464,,N&W ICB
141465,,N&W ICB
141496,,N&W ICB
141500,,C&P ICB
141511,,MSE ICB
141512,SEN,SNEE ICB
141520,,BLMK ICB
141546,,SNEE ICB
141550,,SNEE ICB
141551,,SNEE ICB
141552,,C&P ICB
141554,,SNEE ICB
141571,,MSE ICB
141572,,HWE ICB
141574,,HWE ICB
141584,,N&W ICB
141591,,SNEE ICB
141625,,MSE ICB
141626,,MSE ICB
141639,,SNEE ICB
141640,,N&W ICB
141656,,MSE ICB
141657,,HWE ICB
141661,,N&W ICB
141662,,N&W ICB
141663,,N&W ICB
141681,,HWE ICB
141690,,C&P ICB
141691,,N&W ICB
141702,,N&W ICB
141707,,C&P ICB
141714,,HWE ICB
141715,,MSE ICB
141721,,N&W ICB
141736,,N&W ICB
141741,,MSE ICB
141758,,N&W ICB
141765,SEN,MSE ICB
141778,,N&W ICB
141780,,N&W ICB
141819,,SNEE ICB
141841,,MSE ICB
141842,,SNEE ICB
141845,,N&W ICB
141849,,SNEE ICB
141851,,HWE ICB
141869,,HWE ICB
141877,,MSE ICB
141879,SEN,C&P ICB
141895,,N&W ICB
141897,,MSE ICB
141898,,HWE ICB
141918,,N&W ICB
141945,SEN,MSE ICB
141947,,HWE ICB
141949,,C&P ICB
141950,,SNEE ICB
141983,,N&W ICB
141984,,N&W ICB
141985,,SNEE ICB
141991,,N&W ICB
142000,,MSE ICB
142001,,SNEE ICB
142002,,SNEE ICB
142005,,N&W ICB
142016,,N&W ICB
142017,,N&W ICB
142018,,SNEE ICB
142025,,SNEE ICB
142026,,SNEE ICB
142027,,SNEE ICB
142034,,C&P ICB
142035,,C&P ICB
142036,,BLMK ICB
142049,,HWE ICB
142051,,HWE ICB
142057,,N&W ICB
142058,,N&W ICB
142059,,N&W ICB
142187,,N&W ICB
142221,,HWE ICB
142252,,MSE ICB
142253,,HWE ICB
142254,,MSE ICB
142257,SEN,HWE ICB
142263,,BLMK ICB
142264,,BLMK ICB
142283,,SNEE ICB
142310,,BLMK ICB
142322,SEN,BLMK ICB
142378,SEN,C&P ICB
142387,,BLMK ICB
142395,,N&W ICB
142396,,N&W ICB
142397,,C&P ICB
142424,,C&P ICB
142465,,N&W ICB
142466,,N&W ICB
142467,,N&W ICB
142468,,N&W ICB
142498,,C&P ICB
142526,,N&W ICB
142537,,MSE ICB
142547,,SNEE ICB
142554,,SNEE ICB
142557,SEN,C&P ICB
142562,,SNEE ICB
142566,,SNEE ICB
142580,,N&W ICB
142588,,N&W ICB
142589,,N&W ICB
142595,,SNEE ICB
142597,,SNEE ICB
142598,,SNEE ICB
142599,,N&W ICB
142612,SEN,MSE ICB
142633,,N&W ICB
142634,,N&W ICB
142638,,C&P ICB
142672,SEN,BLMK ICB
142683,,MSE ICB
142730,,N&W ICB
142732,,N&W ICB
142737,,N&W ICB
142751,,N&W ICB
142753,,MSE ICB
142759,,N&W ICB
142770,,N&W ICB
142771,,HWE ICB
142775,,SNEE ICB
142776,,C&P ICB
142786,,N&W ICB
142793,SEN,C&P ICB
142801,SEN,SNEE ICB
142806,,N&W ICB
142808,SEN,SNEE ICB
142810,,C&P ICB
142811,,C&P ICB
142813,,MSE ICB
142820,SEN,SNEE ICB
142837,,N&W ICB
142840,,N&W ICB
142842,,N&W ICB
142852,,N&W ICB
142862,,HWE ICB
142871,,N&W ICB
142883,,N&W ICB
142902,,C&P ICB
142907,,BLMK ICB
142932,SEN,C&P ICB
142935,,MSE ICB
142938,SEN,MSE ICB
142940,SEN,MSE ICB
142968,,N&W ICB
142993,,SNEE ICB
142994,,SNEE ICB
142995,,SNEE ICB
143050,,SNEE ICB
143053,,N&W ICB
143056,,SNEE ICB
143065,,SNEE ICB
143066,,N&W ICB
143069,,SNEE ICB
143070,,SNEE ICB
143071,,SNEE ICB
143074,,SNEE ICB
143084,,BLMK ICB
143111,SEN,C&P ICB
143121,,SNEE ICB
143122,,MSE ICB
143123,,MSE ICB
143124,,MSE ICB
143125,,MSE ICB
143126,,MSE ICB
143127,,MSE ICB
143128,,MSE ICB
143131,,HWE ICB
143135,,N&W ICB
143144,,MSE ICB
143147,,SNEE ICB
143149,,MSE ICB
143203,,MSE ICB
143204,,MSE ICB
143205,,MSE ICB
143206,,MSE ICB
143263,,BLMK ICB
143265,,BLMK ICB
143278,,N&W ICB
143279,,N&W ICB
143280,,N&W ICB
143333,,MSE ICB
143334,,MSE ICB
143335,,MSE ICB
143336,,MSE ICB
143337,,MSE ICB
143338,,MSE ICB
143339,,MSE ICB
143340,,MSE ICB
143359,,SNEE ICB
143360,,SNEE ICB
143361,,SNEE ICB
143378,,MSE ICB
143404,,C&P ICB
143409,,HWE ICB
143410,,HWE ICB
143440,,C&P ICB
143452,,MSE ICB
143453,,MSE ICB
143459,,N&W ICB
143460,,N&W ICB
143461,,N&W ICB
143462,,N&W ICB
143463,,N&W ICB
143490,SEN,SNEE ICB
143491,,N&W ICB
143492,,N&W ICB
143516,,SNEE ICB
143520,,N&W ICB
143522,,N&W ICB
143538,,MSE ICB
143549,,SNEE ICB
143550,,SNEE ICB
143561,,BLMK ICB
143575,,C&P ICB
143576,,C&P ICB
143589,SEN,SNEE ICB
143590,SEN,SNEE ICB
143591,SEN,MSE ICB
143603,,HWE ICB
143604,SEN,HWE ICB
143624,,SNEE ICB
143639,,MSE ICB
143641,,C&P ICB
143648,,HWE ICB
143671,,N&W ICB
143697,,HWE ICB
143701,,SNEE ICB
143766,,BLMK ICB
143770,,BLMK ICB
143775,,C&P ICB
143776,,C&P ICB
143777,,C&P ICB
143784,,MSE ICB
143785,,HWE ICB
143786,,HWE ICB
143806,,SNEE ICB
143807,,SNEE ICB
143824,,N&W ICB
143830,,SNEE ICB
143835,,C&P ICB
143836,,C&P ICB
143849,,C&P ICB
143850,,BLMK ICB
143855,,HWE ICB
143856,,HWE ICB
143859,,C&P ICB
143860,,SNEE ICB
143861,,SNEE ICB
143870,,C&P ICB
143871,,C&P ICB
143911,SEN,SNEE ICB
143926,,BLMK ICB
143941,,C&P ICB
143948,,MSE ICB
143949,,N&W ICB
143955,,C&P ICB
143956,,N&W ICB
143961,,N&W ICB
143966,,MSE ICB
143976,,C&P ICB
143978,,MSE ICB
143988,,N&W ICB
143990,,N&W ICB
144010,,BLMK ICB
144017,,N&W ICB
144018,,N&W ICB
144019,,N&W ICB
144020,,N&W ICB
144021,,N&W ICB
144039,,BLMK ICB
144054,,C&P ICB
144055,SEN,C&P ICB
144086,,MSE ICB
144137,,BLMK ICB
144143,,N&W ICB
144144,,N&W ICB
144145,,N&W ICB
144146,,N&W ICB
144147,,N&W ICB
144211,,SNEE ICB
144212,,SNEE ICB
144213,,SNEE ICB
144214,,SNEE ICB
144215,,SNEE ICB
144216,,SNEE ICB
144217,,SNEE ICB
144218,,SNEE ICB
144234,SEN,MSE ICB
144275,,SNEE ICB
144276,,SNEE ICB
144288,,C&P ICB
144289,,C&P ICB
144303,,MSE ICB
144304,,MSE ICB
144311,,BLMK ICB
144312,,BLMK ICB
144313,,N&W ICB
144314,,N&W ICB
144315,,N&W ICB
144316,,N&W ICB
144317,,N&W ICB
144329,,SNEE ICB
144342,,BLMK ICB
144349,,MSE ICB
144350,,MSE ICB
144351,,MSE ICB
144357,,BLMK ICB
144359,,N&W ICB
144360,,N&W ICB
144361,,N&W ICB
144378,SEN,MSE ICB
144399,,SNEE ICB
144402,,HWE ICB
144419,,HWE ICB
144424,,BLMK ICB
144425,,N&W ICB
144426,,N&W ICB
144427,,N&W ICB
144428,,N&W ICB
144442,,N&W ICB
144443,,N&W ICB
144444,,N&W ICB
144445,,N&W ICB
144446,,SNEE ICB
144448,,MSE ICB
144458,,BLMK ICB
144528,,BLMK ICB
144532,,N&W ICB
144537,,C&P ICB
144545,,BLMK ICB
144546,,BLMK ICB
144553,,SNEE ICB
144565,,N&W ICB
144574,,N&W ICB
144587,,MSE ICB
144595,,BLMK ICB
144597,,C&P ICB
144598,,C&P ICB
144600,,C&P ICB
144603,,MSE ICB
144623,,HWE ICB
144625,,SNEE ICB
144631,,HWE ICB
144640,,N&W ICB
144645,,MSE ICB
144663,,HWE ICB
144664,,HWE ICB
144665,,HWE ICB
144691,SEN,MSE ICB
144692,SEN,MSE ICB
144693,SEN,MSE ICB
144694,,MSE ICB
144726,SEN,HWE ICB
144746,,BLMK ICB
144750,,MSE ICB
144769,SEN,N&W ICB
144770,,C&P ICB
144787,SEN,MSE ICB
144791,SEN,C&P ICB
144818,,HWE ICB
144823,,HWE ICB
144825,,N&W ICB
144826,,N&W ICB
144827,,N&W ICB
144828,,N&W ICB
144834,,MSE ICB
144839,,N&W ICB
144849,,N&W ICB
144850,,SNEE ICB
144866,,MSE ICB
144877,,MSE ICB
144878,,MSE ICB
144879,SEN,SNEE ICB
144881,,HWE ICB
144884,,N&W ICB
144897,SEN,SNEE ICB
144903,,HWE ICB
144904,,HWE ICB
144905,,HWE ICB
144906,,HWE ICB
144907,,HWE ICB
144908,,HWE ICB
144909,,HWE ICB
144947,,C&P ICB
144955,,MSE ICB
144956,SEN,MSE ICB
144959,,HWE ICB
144960,,HWE ICB
144972,,N&W ICB
144973,,N&W ICB
144974,,N&W ICB
144975,,N&W ICB
144981,,C&P ICB
144987,,MSE ICB
145010,,MSE ICB
145020,,SNEE ICB
145028,,N&W ICB
145029,,N&W ICB
145031,,SNEE ICB
145034,,C&P ICB
145043,,BLMK ICB
145049,,MSE ICB
145050,,HWE ICB
145051,,C&P ICB
145055,,SNEE ICB
145061,,SNEE ICB
145063,,BLMK ICB
145089,,N&W ICB
145101,SEN,SNEE ICB
145110,,MSE ICB
145118,,SNEE ICB
145147,,C&P ICB
145159,SEN,N&W ICB
145196,,N&W ICB
145209,,N&W ICB
145219,,BLMK ICB
145234,,SNEE ICB
145237,,SNEE ICB
145246,,C&P ICB
145255,,HWE ICB
145256,,HWE ICB
145257,,HWE ICB
145266,,C&P ICB
145267,,C&P ICB
145268,,C&P ICB
145269,,C&P ICB
145270,,C&P ICB
145271,,C&P ICB
145272,,C&P ICB
145297,,HWE ICB
145299,,N&W ICB
145301,,N&W ICB
145302,,C&P ICB
145304,,N&W ICB
145324,,BLMK ICB
145325,,BLMK ICB
145349,,MSE ICB
145350,,HWE ICB
145351,,HWE ICB
145352,,HWE ICB
145353,,HWE ICB
145382,,SNEE ICB
145401,,C&P ICB
145407,,MSE ICB
145409,,HWE ICB
145421,,MSE ICB
145423,,C&P ICB
145424,,C&P ICB
145425,,C&P ICB
145426,,BLMK ICB
145427,,BLMK ICB
145430,,HWE ICB
145441,,N&W ICB
145442,,N&W ICB
145460,,SNEE ICB
145474,,MSE ICB
145476,,SNEE ICB
145487,,HWE ICB
145501,,N&W ICB
145523,,MSE ICB
145529,SEN,N&W ICB
145530,,N&W ICB
145531,,N&W ICB
145532,,N&W ICB
145533,,N&W ICB
145534,,N&W ICB
145535,,N&W ICB
145539,,SNEE ICB
145540,,SNEE ICB
145541,,N&W ICB
145548,,MSE ICB
145553,,C&P ICB
145557,,HWE ICB
145559,,N&W ICB
145597,,HWE ICB
145599,,HWE ICB
145600,,HWE ICB
145601,,HWE ICB
145602,,HWE ICB
145603,,HWE ICB
145604,,HWE ICB
145605,,HWE ICB
145628,,N&W ICB
145629,,N&W ICB
145678,,MSE ICB
145692,,SNEE ICB
145693,,SNEE ICB
145694,,N&W ICB
145695,,N&W ICB
145696,,SNEE ICB
145697,,SNEE ICB
145698,,SNEE ICB
145719,,C&P ICB
145725,,MSE ICB
145726,,HWE ICB
145727,,MSE ICB
145728,,HWE ICB
145736,,BLMK ICB
145737,,N&W ICB
145738,,N&W ICB
145739,,C&P ICB
145749,,N&W ICB
145772,,MSE ICB
145773,,MSE ICB
145776,,N&W ICB
145787,,C&P ICB
145795,,SNEE ICB
145801,,C&P ICB
145804,,C&P ICB
145805,,BLMK ICB
145812,,MSE ICB
145835,,SNEE ICB
145851,,SNEE ICB
145861,,BLMK ICB
145872,,BLMK ICB
145880,,HWE ICB
145890,,HWE ICB
145914,,N&W ICB
145916,,MSE ICB
145924,,C&P ICB
145931,,HWE ICB
145960,SEN,N&W ICB
145962,SEN,HWE ICB
145969,,HWE ICB
145975,,N&W ICB
145979,,SNEE ICB
145987,SEN,HWE ICB
145988,,MSE ICB
145989,,HWE ICB
145990,,HWE ICB
145991,,HWE ICB
145992,,HWE ICB
145993,,HWE ICB
145994,,MSE ICB
145995,,MSE ICB
145996,,MSE ICB
145997,,MSE ICB
145999,,HWE ICB
146000,,MSE ICB
146001,,HWE ICB
146015,,MSE ICB
146016,,MSE ICB
146021,,SNEE ICB
146050,,C&P ICB
146060,,N&W ICB
146061,,N&W ICB
146062,,N&W ICB
146063,,N&W ICB
146065,,N&W ICB
146072,SEN,SNEE ICB
146084,,N&W ICB
146086,,SNEE ICB
146106,,MSE ICB
146123,,HWE ICB
146139,,HWE ICB
146142,,MSE ICB
146144,,N&W ICB
146148,,SNEE ICB
146154,,C&P ICB
146157,,HWE ICB
146173,,SNEE ICB
146175,,SNEE ICB
146181,,MSE ICB
146195,,HWE ICB
146210,,MSE ICB
146229,,SNEE ICB
146230,,HWE ICB
146234,,SNEE ICB
146237,,N&W ICB
146242,,MSE ICB
146269,,BLMK ICB
146271,,SNEE ICB
146280,,SNEE ICB
146296,,MSE ICB
146299,,MSE ICB
146300,,MSE ICB
146301,,C&P ICB
146305,,HWE ICB
146310,,C&P ICB
146319,,N&W ICB
146323,,SNEE ICB
146332,SEN,SNEE ICB
146357,,C&P ICB
146359,,HWE ICB
146369,,C&P ICB
146407,,C&P ICB
146418,SEN,SNEE ICB
146431,SEN,N&W ICB
146440,,HWE ICB
146460,,SNEE ICB
146462,,BLMK ICB
146469,,C&P ICB
146479,,N&W ICB
146494,,SNEE ICB
146515,,C&P ICB
146532,,SNEE ICB
146550,,N&W ICB
146558,,N&W ICB
146601,SEN,MSE ICB
146684,,N&W ICB
146685,,BLMK ICB
146692,,N&W ICB
146695,,MSE ICB
146708,,MSE ICB
146711,,N&W ICB
146714,,BLMK ICB
146723,,HWE ICB
146725,,MSE ICB
146726,,C&P ICB
146751,,BLMK ICB
146753,,C&P ICB
146757,,N&W ICB
146794,,SNEE ICB
146795,,SNEE ICB
146804,SEN,MSE ICB
146818,,MSE ICB
146843,,C&P ICB
146845,,C&P ICB
146854,,C&P ICB
146859,,HWE ICB
146867,,MSE ICB
146875,,SNEE ICB
146878,,HWE ICB
146880,,N&W ICB
146889,,C&P ICB
146893,,HWE ICB
146898,,MSE ICB
146903,,HWE ICB
146909,,N&W ICB
146920,,MSE ICB
146922,,HWE ICB
146923,,MSE ICB
146929,,C&P ICB
146944,,MSE ICB
146961,,SNEE ICB
146965,,C&P ICB
146968,,C&P ICB
146977,,SNEE ICB
146980,,MSE ICB
147008,,C&P ICB
147031,,MSE ICB
147063,,SNEE ICB
147074,,C&P ICB
147080,,SNEE ICB
147081,,BLMK ICB
147092,,N&W ICB
147096,,C&P ICB
147110,,C&P ICB
147112,,BLMK ICB
147154,,BLMK ICB
147162,SEN,SNEE ICB
147183,,BLMK ICB
147185,,MSE ICB
147215,,MSE ICB
147246,,HWE ICB
147247,,N&W ICB
147255,,MSE ICB
147261,,SNEE ICB
147265,,HWE ICB
147269,,BLMK ICB
147282,,MSE ICB
147283,,HWE ICB
147321,,N&W ICB
147322,,N&W ICB
147376,,BLMK ICB
147380,,BLMK ICB
147381,,BLMK ICB
147382,,C&P ICB
147384,,C&P ICB
147385,,C&P ICB
147386,,C&P ICB
147403,,MSE ICB
147404,,MSE ICB
147413,,MSE ICB
147415,,N&W ICB
147434,,C&P ICB
147441,,C&P ICB
147444,,MSE ICB
147450,,SNEE ICB
147451,SEN,HWE ICB
147473,SEN,SNEE ICB
147505,,N&W ICB
147509,,SNEE ICB
147535,,HWE ICB
147537,,MSE ICB
147560,,SNEE ICB
147561,,HWE ICB
147567,,N&W ICB
147575,,SNEE ICB
147594,SEN,SNEE ICB
147602,,SNEE ICB
147603,,SNEE ICB
147661,SEN,C&P ICB
147679,SEN,HWE ICB
147690,,BLMK ICB
147704,SEN,MSE ICB
147713,,SNEE ICB
147785,,HWE ICB
147803,,BLMK ICB
147804,,BLMK ICB
147808,,C&P ICB
147816,,MSE ICB
147817,,MSE ICB
147818,,HWE ICB
147834,,HWE ICB
147844,,SNEE ICB
147847,,MSE ICB
147849,SEN,SNEE ICB
147853,,MSE ICB
147857,,N&W ICB
147860,,BLMK ICB
147878,,MSE ICB
147879,,HWE ICB
147880,,SNEE ICB
147891,,BLMK ICB
147891,,BLMK ICB
147892,SEN,C&P ICB
147931,,SNEE ICB
147932,,SNEE ICB
147933,,SNEE ICB
147934,,SNEE ICB
147940,,N&W ICB
147944,SEN,C&P ICB
147969,,N&W ICB
147994,,BLMK ICB
148008,SEN,HWE ICB
148040,,HWE ICB
148058,SEN,SNEE ICB
148104,,BLMK ICB
148105,,C&P ICB
148110,,SNEE ICB
148111,,MSE ICB
148119,,N&W ICB
148128,,C&P ICB
148139,,MSE ICB
148151,,N&W ICB
148152,,N&W ICB
148172,,MSE ICB
148193,,BLMK ICB
148209,,MSE ICB
148210,,MSE ICB
148227,,BLMK ICB
148229,,BLMK ICB
148232,,N&W ICB
148234,,BLMK ICB
148236,SEN,C&P ICB
148237,,N&W ICB
148249,SEN,C&P ICB
148297,,BLMK ICB
148305,,MSE ICB
148306,,MSE ICB
148334,,BLMK ICB
148346,SEN,N&W ICB
148360,SEN,N&W ICB
148363,SEN,HWE ICB
148395,SEN,N&W ICB
148411,,BLMK ICB
148414,,SNEE ICB
148420,SEN,BLMK ICB
148422,SEN,HWE ICB
148423,,HWE ICB
148425,SEN,N&W ICB
148434,,HWE ICB
148454,,C&P ICB
148472,SEN,HWE ICB
148491,,HWE ICB
148492,,HWE ICB
148493,,HWE ICB
148494,,HWE ICB
148495,,HWE ICB
148496,,HWE ICB
148498,,HWE ICB
148499,,HWE ICB
148509,,SNEE ICB
148539,SEN,MSE ICB
148541,SEN,N&W ICB
148543,SEN,MSE ICB
148551,,BLMK ICB
148572,SEN,N&W ICB
148578,SEN,C&P ICB
148618,SEN,N&W ICB
148640,,BLMK ICB
148668,,N&W ICB
148692,,BLMK ICB
148708,SEN,HWE ICB
148710,,HWE ICB
148733,SEN,C&P ICB
148750,,SNEE ICB
148751,,SNEE ICB
148752,,SNEE ICB
148808,SEN,SNEE ICB
148821,,N&W ICB
148822,,N&W ICB
148824,,SNEE ICB
148825,,MSE ICB
148826,,N&W ICB
148835,,BLMK ICB
148846,,SNEE ICB
148859,SEN,N&W ICB
148875,,HWE ICB
148934,SEN,MSE ICB
148982,,BLMK ICB
148983,,C&P ICB
148989,,HWE ICB
148990,,HWE ICB
148994,,N&W ICB
148995,,N&W ICB
148996,,N&W ICB
149027,,C&P ICB
149066,,MSE ICB
149067,,SNEE ICB
149072,SEN,SNEE ICB
149078,,HWE ICB
149098,,C&P ICB
149103,,C&P ICB
149104,,C&P ICB
149106,,BLMK ICB
149107,,BLMK ICB
149108,SEN,SNEE ICB
149112,SEN,MSE ICB
149151,SEN,N&W ICB
149159,,C&P ICB
149186,SEN,C&P ICB
149197,,N&W ICB
149206,,HWE ICB
149208,,BLMK ICB
149212,SEN,HWE ICB
149236,,C&P ICB
149253,,MSE ICB
149285,,SNEE ICB
149301,,MSE ICB
149324,,BLMK ICB
149330,,HWE ICB
149333,,HWE ICB
149335,SEN,MSE ICB
149357,SEN,HWE ICB
149368,SEN,C&P ICB
149372,,HWE ICB
149404,SEN,BLMK ICB
149415,,N&W ICB
149423,,SNEE ICB
149442,SEN,SNEE ICB
149460,,BLMK ICB
149470,,BLMK ICB
149500,,HWE ICB
149502,,N&W ICB
149506,SEN,SNEE ICB
149516,,N&W ICB
149537,,HWE ICB
149542,,BLMK ICB
149560,SEN,C&P ICB
149596,,C&P ICB
149597,SEN,MSE ICB
149617,,MSE ICB
149618,,MSE ICB
149636,,N&W ICB
149662,SEN,BLMK ICB
149693,SEN,N&W ICB
149736,SEN,HWE ICB
149741,,HWE ICB
149742,,HWE ICB
149743,,HWE ICB
149744,,N&W ICB
149745,SEN,HWE ICB
149748,,HWE ICB
149845,SEN,C&P ICB
149866,SEN,N&W ICB
149877,,N&W ICB
149878,,N&W ICB
149879,,N&W ICB
149896,,N&W ICB
149899,,SNEE ICB
149909,SEN,N&W ICB
149958,,C&P ICB
149966,,SNEE ICB
149967,,SNEE ICB
149968,,MSE ICB
149969,,MSE ICB
149970,,SNEE ICB
149971,,MSE ICB
149972,,SNEE ICB
149991,,SNEE ICB
150022,,C&P ICB
150044,SEN,HWE ICB
150061,,HWE ICB
150062,,SNEE ICB
150063,,N&W ICB
150065,,SNEE ICB
150067,,N&W ICB
150112,SEN,N&W ICB
150123,,SNEE ICB
150124,,SNEE ICB
150145,,BLMK ICB
150160,,N&W ICB
150175,,N&W ICB
150217,,HWE ICB
150238,SEN,MSE ICB
150248,,MSE ICB
150249,,N&W ICB
150251,,SNEE ICB
150252,,SNEE ICB
150263,,C&P ICB
150265,SEN,N&W ICB
150266,SEN,SNEE ICB
150276,,SNEE ICB
150335,,BLMK ICB
150354,SEN,N&W ICB
150361,,MSE ICB
150374,,C&P ICB
150392,,MSE ICB
150413,SEN,BLMK ICB
150424,,SNEE ICB
150451,,N&W ICB
150474,,BLMK ICB
150490,,N&W ICB
150501,,MSE ICB
150533,,SNEE ICB
150571,,C&P ICB
150576,,HWE ICB
150582,,N&W ICB
150583,,N&W ICB
150593,,BLMK ICB
150595,,BLMK ICB
150598,,MSE ICB
150619,,HWE ICB
150621,,HWE ICB
150625,,N&W ICB
150629,,BLMK ICB
150656,,HWE ICB
150665,,N&W ICB
150666,,N&W ICB
150689,,SNEE ICB
150698,,HWE ICB
150734,,N&W ICB
150736,,MSE ICB
150739,,MSE ICB
150748,,MSE ICB
150749,,MSE ICB
150756,,C&P ICB
150757,,C&P ICB
150783,,C&P ICB
150791,SEN,C&P ICB
150792,SEN,BLMK ICB
150796,,BLMK ICB
150799,,HWE ICB
150806,SEN,N&W ICB
150844,,HWE ICB
150846,SEN,MSE ICB
150878,,C&P ICB
150975,,MSE ICB
151041,,BLMK ICB
151042,,BLMK ICB
151047,,BLMK ICB
151048,,C&P ICB
151064,,SNEE ICB
151078,,HWE ICB
151104,,SNEE ICB
151105,,SNEE ICB
151125,,BLMK ICB
151126,,BLMK ICB
151132,,C&P ICB
151134,,SNEE ICB
151151,,BLMK ICB
151161,,HWE ICB
151165,,SNEE ICB
151188,,SNEE ICB
151189,,SNEE ICB
151195,,N&W ICB
151210,,BLMK ICB
151215,,HWE ICB
151217,,N&W ICB
151218,SEN,BLMK ICB
151221,,MSE ICB
151222,,MSE ICB
151293,,BLMK ICB
151296,,C&P ICB
151308,,N&W ICB
151319,,MSE ICB
151368,,BLMK ICB
151371,,BLMK ICB
151372,,BLMK ICB
151384,,SNEE ICB
151385,,HWE ICB
151388,,SNEE ICB
151432,,N&W ICB
151441,,MSE ICB
151442,,MSE ICB
151484,SEN,SNEE ICB
151499,,HWE ICB
151509,,MSE ICB
151510,,MSE ICB
151511,,MSE ICB
151526,,BLMK ICB
151529,,SNEE ICB
151532,,SNEE ICB
151534,,SNEE ICB
151557,,SNEE ICB
151635,,N&W ICB
151639,,SNEE ICB
151650,,N&W ICB
151655,,N&W ICB
151675,,MSE ICB
151796,,BLMK ICB
151840,,BLMK ICB
151866,SEN,BLMK ICB
